{
	"name": "nodeshim",
	"main": "node.js",
	"imports": {},
	"lib": {},
	"bin": {},
	"libExport": [
		{
			"name": "assert",
			"main": "assert/assert.js",
			"path": "assert"
		},
		{
			"name": "base64",
			"main": "base64/base64.js",
			"path": "base64"
		},
		{
			"name": "base64-js",
			"main": "base64-js/base64-js.js",
			"path": "base64-js"
		},
		{
			"name": "buffer",
			"main": "buffer/buffer.js",
			"path": "buffer"
		},
		{
			"name": "console",
			"main": "console/console.js",
			"path": "console"
		},
		{
			"name": "constants",
			"main": "constants/constants.js",
			"path": "constants"
		},
		{
			"name": "domain",
			"main": "domain/domain.js",
			"path": "domain"
		},
		{
			"name": "events",
			"main": "events/events.js",
			"path": "events"
		},
		{
			"name": "fs",
			"main": "fs/fs.js",
			"path": "fs"
		},
		{
			"name": "http",
			"main": "http/http.js",
			"path": "http"
		},
		{
			"name": "https",
			"main": "https/https.js",
			"path": "https"
		},
		{
			"name": "ieee754",
			"main": "ieee754/ieee754.js",
			"path": "ieee754"
		},
		{
			"name": "inherits",
			"main": "inherits/inherits.js",
			"path": "inherits"
		},
		{
			"name": "node",
			"main": "node.js",
			"path": ""
		},
		{
			"name": "os",
			"main": "os/os.js",
			"path": "os"
		},
		{
			"name": "path",
			"main": "path/path.js",
			"path": "path"
		},
		{
			"name": "process",
			"main": "process/process.js",
			"path": "process"
		},
		{
			"name": "punycode",
			"main": "punycode/punycode.js",
			"path": "punycode"
		},
		{
			"name": "querystring",
			"main": "querystring/querystring.js",
			"path": "querystring"
		},
		{
			"name": "stream",
			"main": "stream/stream.js",
			"path": "stream"
		},
		{
			"name": "string_decoder",
			"main": "string_decoder/string_decoder.js",
			"path": "string_decoder"
		},
		{
			"name": "timers",
			"main": "timers/timers.js",
			"path": "timers"
		},
		{
			"name": "url",
			"main": "url/url.js",
			"path": "url"
		},
		{
			"name": "util",
			"main": "util/util.js",
			"path": "util"
		},
		{
			"name": "vm",
			"main": "vm/vm.js",
			"path": "vm"
		},
		{
			"name": "zlib",
			"main": "zlib/zlib.js",
			"path": "zlib"
		}
	],
	"cloudId": "nodeshim@avdpro@me.com",
	"versionIdx": 11,
	"version": "0.0.12"
}