{
	"lib": {
		"markdownit": {
			"tags": {
				"v1": {
					"disks": [],
					"packages": [],
					"versionIdx": 9
				}
			}
		},
		"cokecmds": {
			"tags": {
				"v1": {
					"disks": [],
					"packages": [],
					"versionIdx": 73
				}
			}
		},
		"pkg": {
			"tags": {
				"v3": {
					"disks": [],
					"packages": [],
					"versionIdx": 51
				}
			}
		},
		"disk": {
			"tags": {
				"v1": {
					"disks": [],
					"packages": [],
					"versionIdx": 22
				}
			}
		},
		"cloud": {
			"tags": {
				"v1": {
					"disks": [],
					"packages": [],
					"versionIdx": 20
				}
			}
		},
		"cmdargs": {
			"tags": {
				"v2": {
					"disks": [],
					"packages": [],
					"versionIdx": 4
				}
			}
		},
		"zippath": {
			"tags": {
				"v1": {
					"disks": [],
					"packages": [],
					"versionIdx": 19
				}
			}
		},
		"cokecodes": {
			"tags": {
				"v1": {
					"disks": [],
					"packages": [],
					"versionIdx": 5
				}
			}
		},
		"codemirror": {
			"tags": {
				"v1": {
					"disks": [],
					"packages": [],
					"versionIdx": 8
				}
			}
		},
		"markbook": {
			"tags": {
				"v1": {
					"disks": [],
					"packages": [],
					"versionIdx": 12
				}
			}
		}
	},
	"bin": {},
	"version": "0.0.11",
	"versionIdx": 27
}