{
	"lib": {
		"markdownit": {
			"tags": {
				"v1": {
					"disks": [],
					"packages": [],
					"versionIdx": 4
				}
			}
		},
		"cokecmds": {
			"tags": {
				"v1": {
					"disks": [],
					"packages": [],
					"versionIdx": 60
				}
			}
		},
		"pkg": {
			"tags": {
				"v3": {
					"disks": [],
					"packages": [],
					"versionIdx": 41
				}
			}
		},
		"disk": {
			"tags": {
				"v1": {
					"disks": [],
					"packages": [],
					"versionIdx": 16
				}
			}
		},
		"cloud": {
			"tags": {
				"v1": {
					"disks": [],
					"packages": [],
					"versionIdx": 11
				}
			}
		},
		"nodeshim": {
			"tags": {
				"v1": {
					"disks": [],
					"packages": [],
					"versionIdx": 11
				}
			}
		},
		"cmdargs": {
			"tags": {
				"v2": {
					"disks": [],
					"packages": [],
					"versionIdx": 2
				}
			}
		},
		"zippath": {
			"tags": {
				"v1": {
					"disks": [],
					"packages": [],
					"versionIdx": 7
				}
			}
		},
		"cokecodes": {
			"tags": {
				"v1": {
					"disks": [],
					"packages": [],
					"versionIdx": 5
				}
			}
		}
	},
	"bin": {},
	"version": "0.0.9",
	"versionIdx": 25
}